Player,PER,TS%,USG%,OWS,DWS,WS,WS/48,OBPM,DBPM,BPM,VORP
Mikal Bridges,14,0.585,19.6,3.7,2,5.7,0.09,0.4,-0.9,-0.5,1.2
Josh Hart,16.5,0.611,15.3,5.4,3.8,9.2,0.153,1.1,1.8,2.8,3.6
Anthony Edwards,20.1,0.595,31.4,4.6,3.8,8.4,0.14,4.4,0,4.3,4.6
Devin Booker,19.3,0.589,29.3,6.1,0.3,6.4,0.111,2.8,-2.4,0.4,1.7
James Harden,20,0.582,29.6,4,4.3,8.3,0.143,3.5,0.8,4.3,4.4
DeMar DeRozan,17.7,0.569,25,5.7,1.4,7.1,0.123,1.2,-1.2,-0.1,1.3
Trae Young,18.3,0.567,29.6,4.4,1.3,5.7,0.1,3.3,-2.7,0.5,1.7
Tyler Herro,19.7,0.605,28,4.7,2.7,7.4,0.131,3.8,-0.7,3.1,3.5
OG Anunoby,15.4,0.591,19.7,3.7,2.8,6.5,0.116,0.7,0.1,0.7,1.9
Jalen Green,15.1,0.544,27.3,1.9,3.2,5.1,0.092,1.1,-0.5,0.5,1.7
Christian Braun,16,0.665,15.8,6.2,1.9,8,0.144,0.8,-0.5,0.3,1.6
Bam Adebayo,18.9,0.561,23.5,3.5,4,7.5,0.135,1,1,2,2.7
Ivica Zubac,22.3,0.641,19.5,7,4.7,11.7,0.215,2.3,0.8,3.1,3.4
Jayson Tatum,21.7,0.582,31.2,5.3,4.2,9.5,0.174,4.4,0.8,5.2,4.8
Jaden McDaniels,13.3,0.562,16.3,2.3,3.9,6.3,0.115,-1.4,1.4,0,1.4
Keegan Murray,12,0.553,15,2.4,2.1,4.4,0.082,-0.8,-0.8,-1.6,0.2
Zach LaVine,17.3,0.639,25.3,3.7,1.4,5.1,0.094,2.3,-1.6,0.7,1.8
Zach LaVine,18.4,0.637,26.6,2,1,3,0.101,2.7,-1,1.6,1.3
Zach LaVine,15.9,0.642,23.7,1.7,0.4,2.1,0.086,1.8,-2.3,-0.4,0.5
Shai Gilgeous-Alexander,30.7,0.637,34.8,11.9,4.8,16.7,0.309,8.9,2.6,11.5,8.9
Michael Porter Jr.,16.2,0.617,20.2,4.6,1.8,6.4,0.118,1.6,-1.7,-0.1,1.2
Derrick White,16.6,0.606,19.8,5.1,3.4,8.5,0.158,2.7,0.8,3.5,3.6
Dyson Daniels,15.6,0.545,18.2,1.3,3.7,5,0.093,-1.1,2.6,1.5,2.3
Nikola Jokic,32,0.663,29.5,12.7,3.8,16.4,0.307,9.9,3.3,13.3,9.8
Austin Reaves,18.1,0.616,23.7,5.6,2.1,7.6,0.144,2.4,-0.5,1.9,2.6
Toumani Camara,12.5,0.572,14.4,2.5,2.6,5.2,0.097,-0.9,0.8,-0.1,1.2
Pascal Siakam,19.2,0.599,24.2,5,2.5,7.5,0.142,2.2,-0.5,1.7,2.4
Brook Lopez,14.8,0.624,15.8,3.6,2.9,6.6,0.124,0.4,0.4,0.8,1.8
Karl-Anthony Towns,23.4,0.63,27.4,6.3,3.8,10.1,0.193,3.5,0.1,3.6,3.5
Bub Carrington,9,0.514,15.8,-0.4,0.6,0.2,0.005,-3.3,-1.3,-4.6,-1.6
Cade Cunningham,20.6,0.565,33.2,3,2.9,5.9,0.115,3.8,0.1,3.9,3.7
Tyrese Haliburton,21.8,0.616,21.6,8.1,2.3,10.4,0.204,5.7,0.2,5.8,4.9
Coby White,15.5,0.601,24.4,3,1.5,4.5,0.088,0.5,-1.4,-0.9,0.7
LeBron James,22.7,0.604,30.1,4.9,2.8,7.7,0.152,4.9,0.7,5.6,4.7
Domantas Sabonis,22.9,0.655,21.6,7.4,2.7,10.1,0.199,4.2,1.1,5.2,4.4
Jamal Murray,17.8,0.584,24,4.6,1.6,6.2,0.123,1.8,-1,0.8,1.7
Alperen Sengun,21.4,0.545,26.2,4.1,4.2,8.3,0.166,2.6,1.8,4.4,3.9
Dillon Brooks,11,0.555,17.7,2.7,2.5,5.1,0.103,-1.4,0,-1.4,0.4
Rudy Gobert,18.3,0.687,13,6.1,4,10.1,0.204,0.6,1.3,1.9,2.4
Tobias Harris,13.9,0.571,17.6,2.3,2.9,5.2,0.108,-0.5,0.6,0.1,1.2
Darius Garland,19.9,0.6,27.2,5.8,2.3,8.1,0.169,3.9,-0.8,3.1,3
Jalen Brunson,21.6,0.605,29.5,6.8,1.4,8.3,0.172,4.7,-1.3,3.3,3.1
Jarrett Allen,22.1,0.724,15.9,7.6,4,11.6,0.243,3,1.2,4.2,3.6
Chris Paul,14.7,0.58,14,4.2,1.6,5.7,0.12,0.3,0.5,0.8,1.6
Anfernee Simons,14.9,0.557,24.6,2.9,1.2,4.2,0.087,1.5,-1.5,-0.1,1.1
Giannis Antetokounmpo,30.5,0.625,35.2,7.8,3.7,11.5,0.241,6.9,2.5,9.5,6.6
Malik Beasley,14.4,0.59,22.5,2.9,1.8,4.7,0.1,2,-1.2,0.8,1.6
Kentavious Caldwell-Pope,9.9,0.574,12.4,1.5,3.1,4.6,0.096,-3,1.6,-1.4,0.3
Nikola Vucevic,20.3,0.611,22.4,4.7,2.6,7.3,0.153,2.5,0.1,2.6,2.7
Payton Pritchard,17.6,0.633,19,6.1,2.5,8.6,0.183,3.4,0.2,3.5,3.2
Kevin Durant,21.2,0.642,28.7,4,1.2,5.2,0.111,3.9,-0.7,3.2,3
Shaedon Sharpe,14.5,0.551,25.1,1.3,1.7,3,0.064,0,-1.3,-1.3,0.4
Stephen Curry,21.5,0.618,29.8,5.2,2.7,7.9,0.168,6.4,0,6.3,4.8
De'Aaron Fox,18.3,0.56,28.3,2.6,1.7,4.3,0.093,1.3,-1,0.4,1.3
De'Aaron Fox,19,0.567,29.1,2.2,1.3,3.5,0.101,2,-0.8,1.2,1.3
De'Aaron Fox,16.3,0.537,26,0.5,0.4,0.9,0.071,-0.6,-1.4,-2,0
Jalen Williams,20.3,0.573,27.5,3.7,4.1,7.8,0.168,2.7,1.4,4,3.4
Donovan Mitchell,20.9,0.575,30.9,4.8,2.8,7.6,0.163,3.8,-0.2,3.7,3.2
Harrison Barnes,14.9,0.656,15.7,5,0.5,5.6,0.12,1.7,-1.7,0,1.2
Julius Randle,17.5,0.593,25,3.6,2.6,6.2,0.134,1.5,-0.2,1.3,1.8
Amen Thompson,18.7,0.602,17.5,4.1,3.9,8,0.172,1.4,2.6,4.1,3.4
Jaren Jackson Jr.,19.6,0.591,28.1,3.2,3.2,6.4,0.139,1.6,0.8,2.3,2.4
Desmond Bane,17.9,0.6,23.3,4,2.6,6.5,0.142,2.6,0.6,3.2,2.9
Naz Reid,15.8,0.577,21.5,2.4,3.3,5.7,0.125,0.8,0.8,1.6,2
Tyus Jones,14.5,0.585,16.2,4,0.3,4.4,0.096,1.4,-1.3,0.1,1.1
Myles Turner,16.1,0.612,20.7,1.8,2.9,4.7,0.104,0,0.4,0.4,1.3
Evan Mobley,22.3,0.633,23.2,5.3,3.8,9,0.2,3.1,1.5,4.6,3.6
Taurean Prince,9.8,0.613,12.5,1.3,2.2,3.5,0.077,-2,0.3,-1.7,0.1
Stephon Castle,13.7,0.522,26,0.1,1,1.1,0.025,-1.5,-1.7,-3.2,-0.6
Deni Avdija,17.7,0.605,23.2,3.1,2.5,5.6,0.124,1.5,0.6,2.1,2.2
Jaylen Brown,17.8,0.555,28.9,2.3,2.9,5.2,0.115,0.4,-0.4,0,1.1
Tim Hardaway Jr.,9.8,0.567,15.5,2.1,1.4,3.5,0.077,-1.1,-0.9,-2.1,0
Bennedict Mathurin,13.6,0.579,22.8,1.3,1.8,3,0.068,-1.3,-1.5,-2.9,-0.5
Spencer Dinwiddie,13,0.553,17.9,2.4,1.2,3.7,0.082,-0.9,-0.7,-1.6,0.2
Scottie Barnes,17.8,0.523,27,0.6,2.9,3.5,0.078,1.5,0.9,2.4,2.3
Max Christie,10.4,0.57,15.2,1.1,1.6,2.7,0.06,-2.1,-0.5,-2.5,-0.3
Max Christie,10.6,0.598,13.9,1,0.9,2,0.081,-1.8,0,-1.8,0
Max Christie,10.2,0.543,16.8,0,0.7,0.7,0.035,-2.4,-1,-3.4,-0.3
Josh Giddey,18.1,0.57,21.7,2.8,2.5,5.3,0.121,1.9,1.1,3,2.7
Fred VanVleet,12.8,0.515,17.7,2.4,2.8,5.2,0.119,-0.4,1.3,0.9,1.5
Keyonte George,12.9,0.539,24.3,0.9,0.1,1.1,0.024,-0.2,-2.5,-2.7,-0.3
Dennis Schroder,12.7,0.531,21.6,1.5,1.7,3.2,0.073,-1.3,-0.9,-2.2,-0.1
Dennis Schroder,16,0.588,23.8,1.1,0.5,1.6,0.099,1.1,-1.1,0,0.4
Dennis Schroder,8.4,0.474,21.2,-0.5,0.7,0.2,0.012,-4.6,-0.6,-5.2,-0.5
Dennis Schroder,12.9,0.515,19.6,0.9,0.5,1.5,0.1,-0.9,-1.2,-2.1,0
Damian Lillard,21.3,0.621,27.8,5.6,2,7.6,0.175,4.7,-0.6,4,3.2
Russell Westbrook,14.3,0.532,23.8,-0.1,2.1,1.9,0.045,-0.9,-0.2,-1.1,0.5
Kelly Oubre Jr.,13.5,0.551,18.9,1.2,1.4,2.6,0.061,-1.7,-0.6,-2.3,-0.1
Nickeil Alexander-Walker,11.6,0.579,16,2,2.3,4.3,0.099,-0.8,0.4,-0.4,0.8
Luguentz Dort,11.3,0.586,13.6,2.4,3.2,5.6,0.129,-0.6,0.8,0.2,1.2
Onyeka Okongwu,19,0.634,17.3,4.9,2.3,7.2,0.168,1.2,0.2,1.3,1.7
Malik Monk,15,0.549,24.6,1.3,1.4,2.8,0.065,0.3,-1.1,-0.8,0.6
Jaylen Wells,10.5,0.56,15.9,2.1,1.4,3.5,0.083,-1.2,-1,-2.2,-0.1
Jalen Duren,21.4,0.703,16.4,5.9,3.4,9.2,0.218,1.6,1.5,3.1,2.7
Jalen Wilson,9.5,0.541,16.6,0.9,1,1.9,0.046,-2.6,-1.3,-3.9,-1
Miles Bridges,17.7,0.541,28,1.3,1.8,3.2,0.075,2.3,-0.5,1.8,2
Davion Mitchell,10.2,0.573,13.6,1.3,1.6,3,0.07,-2.8,0.2,-2.6,-0.3
Davion Mitchell,7.9,0.536,13.1,0,0.7,0.7,0.031,-4,-0.3,-4.3,-0.6
Davion Mitchell,12.9,0.611,14.2,1.3,1,2.3,0.114,-1.5,0.8,-0.6,0.3
Franz Wagner,20.1,0.558,31,2.6,3.1,5.6,0.133,2.6,0.5,3.1,2.6
Quentin Grimes,15.9,0.595,22.8,2,1.4,3.4,0.081,1.3,-0.9,0.4,1.2
Quentin Grimes,13.3,0.599,18.5,1,0.8,1.7,0.078,0.1,-0.4,-0.3,0.5
Quentin Grimes,18.8,0.592,27.5,1,0.6,1.6,0.083,2.7,-1.5,1.2,0.8
Jordan Poole,16.6,0.591,29,1.2,0.8,2,0.047,2,-1.6,0.4,1.2
Draymond Green,12.4,0.534,15.9,0.3,3.4,3.7,0.088,-2.3,2.8,0.5,1.3
Devin Vassell,14.2,0.553,22.1,0.9,1.3,2.2,0.054,-0.3,-0.8,-1.1,0.4
Klay Thompson,12.9,0.552,21.8,0.7,1.1,1.8,0.045,0.7,-1.6,-1,0.5
Tyrese Maxey,19.5,0.562,29.8,2.9,1,3.8,0.094,3.2,-1.1,2,2
Norman Powell,17.5,0.615,26.1,2.9,2.3,5.3,0.129,1.7,-0.2,1.5,1.8
Yves Missi,15.4,0.572,14.3,2.5,1.1,3.6,0.089,-1.6,-1.4,-3,-0.5
Keon Ellis,13.5,0.664,12.7,2.7,2.2,5,0.122,-0.1,2,1.9,1.9
Bilal Coulibaly,10.8,0.515,17.9,-0.6,0.9,0.3,0.008,-3,-0.7,-3.7,-0.8
Kyle Kuzma,10.6,0.514,24,-2.3,1.3,-0.9,-0.024,-2.9,-2,-4.9,-1.4
Kyle Kuzma,10.6,0.488,27.1,-1.7,0.4,-1.3,-0.068,-3,-2.3,-5.2,-0.7
Kyle Kuzma,10.5,0.545,21.4,-0.6,0.9,0.3,0.014,-2.9,-1.8,-4.7,-0.7
Julian Champagnie,12.2,0.577,17.2,1.3,1.2,2.5,0.062,-0.3,-0.9,-1.3,0.4
Keon Johnson,10.4,0.499,21.7,-1.3,1.9,0.5,0.014,-3.1,-0.1,-3.3,-0.6
Naji Marshall,15.1,0.584,20,2,1.5,3.5,0.087,-0.3,-0.5,-0.8,0.6
Jrue Holiday,13.5,0.565,15.8,2.8,2.4,5.1,0.13,-0.3,1,0.7,1.3
Guerschon Yabusele,14.7,0.616,16.3,2.9,1,3.9,0.099,0.1,-1.1,-1,0.5
Gary Trent Jr.,11.7,0.591,17.1,1.6,1.7,3.3,0.084,-1.2,-0.4,-1.6,0.2
Anthony Black,11.6,0.521,19.6,-0.6,3,2.4,0.061,-3.1,1.2,-1.9,0
Josh Green,7.8,0.559,11.8,0.4,1,1.5,0.037,-4.5,0.2,-4.3,-1.1
Nic Claxton,16.5,0.569,16.8,1.8,2.5,4.3,0.11,-1.1,1.5,0.4,1.1
Andrew Nembhard,11.7,0.545,16.3,1.1,1.7,2.8,0.071,-2.6,0.3,-2.3,-0.1
Cason Wallace,12.3,0.562,12.8,1.8,3.4,5.2,0.133,-1.5,2.6,1,1.5
Derrick Jones Jr.,13.5,0.609,16.5,2.1,2.6,4.7,0.12,-1,0.7,-0.3,0.8
Rui Hachimura,13.6,0.619,15.8,2.8,1.5,4.3,0.11,-0.1,-0.6,-0.7,0.6
RJ Barrett,16.5,0.547,28.7,0.6,1.7,2.4,0.061,1.2,-0.7,0.6,1.2
Buddy Hield,12.3,0.56,20.5,0.6,2.2,2.8,0.073,-0.7,-0.3,-1,0.5
Trey Murphy III,17.3,0.598,23.7,3,0.5,3.5,0.091,2.1,-1.4,0.8,1.3
Zaccharie Risacher,12.2,0.558,20.9,0.6,1.1,1.8,0.046,-1.7,-1.8,-3.5,-0.7
Andrew Wiggins,16.4,0.566,24.5,1.9,2.1,4,0.104,1.2,-0.3,0.9,1.4
Andrew Wiggins,16.4,0.566,23.5,1.7,1.5,3.2,0.119,1.4,-0.4,1,1
Andrew Wiggins,16.4,0.566,26.7,0.2,0.6,0.8,0.069,0.8,-0.1,0.7,0.4
Isaiah Collier,9.7,0.494,18.9,-1.3,0.5,-0.8,-0.021,-3.8,-1.5,-5.3,-1.6
Keldon Johnson,15.6,0.572,21.6,2.2,1,3.2,0.083,0,-1.6,-1.6,0.2
Royce O'Neale,12.6,0.585,15.5,1.6,1.2,2.8,0.073,0.2,-0.1,0.1,1
P.J. Washington,14,0.556,20.4,0.3,2.1,2.4,0.062,-1.1,0.2,-0.9,0.5
CJ McCollum,15.8,0.55,27.2,1.3,0.2,1.5,0.038,1.2,-2.6,-1.4,0.3
Haywood Highsmith,9.9,0.583,11.3,1.3,2.1,3.3,0.088,-2.7,0.9,-1.9,0.1
Dorian Finney-Smith,10.1,0.604,12.3,1.5,1.4,2.9,0.078,-1.1,0.1,-1,0.5
Dorian Finney-Smith,12.2,0.613,14.2,0.7,0.5,1.1,0.094,-0.1,0.1,0,0.3
Dorian Finney-Smith,9.2,0.598,11.5,0.9,0.9,1.8,0.07,-1.6,0.1,-1.5,0.2
Alex Sarr,12.9,0.482,23.5,-1.6,1.3,-0.3,-0.007,-2.2,-1,-3.3,-0.6
Kyrie Irving,19.9,0.594,27.4,3.4,1.3,4.6,0.124,3.9,-0.5,3.4,2.5
Kyshawn George,8.8,0.503,15.9,-0.9,1.1,0.1,0.003,-3.8,-0.3,-4.1,-0.9
Cameron Johnson,18.2,0.632,22.9,3.8,1.3,5.1,0.137,3.5,-0.4,3.1,2.3
Duncan Robinson,11.8,0.595,19.2,1.3,1.4,2.7,0.071,-0.7,-1.1,-1.7,0.1
Kris Dunn,11.3,0.531,12.7,0.8,3.2,4,0.108,-2.8,3.4,0.6,1.2
Luka Doncic,24.1,0.587,33.9,3.5,2.4,5.9,0.16,5.5,1.2,6.7,3.9
Luka Doncic,24.2,0.584,33.1,1.5,1.1,2.5,0.155,5.5,1.4,6.9,1.8
Luka Doncic,23.9,0.59,34.5,2,1.4,3.4,0.164,5.5,1.1,6.5,2.1
Scoot Henderson,12.5,0.54,22.5,0.4,1.4,1.8,0.049,-1.4,-0.8,-2.2,-0.1
Wendell Carter Jr.,13.7,0.544,16,1.6,3,4.6,0.125,-2.2,0.9,-1.2,0.3
Collin Sexton,16.6,0.593,27,2.5,-0.1,2.4,0.066,1.7,-2.3,-0.6,0.6
Mike Conley,13.3,0.573,14.4,3,2.2,5.2,0.142,-0.1,1.3,1.2,1.4
Amir Coffey,11.2,0.614,15.3,2.4,1.7,4,0.111,-1.5,-0.2,-1.7,0.1
Jimmy Butler,22.4,0.626,20.8,6.6,2,8.7,0.238,4,1,4.9,3
Jimmy Butler,22.8,0.638,21.1,2.9,0.8,3.7,0.233,4.2,0.6,4.8,1.3
Jimmy Butler,22.2,0.617,20.6,3.7,1.2,4.9,0.242,3.8,1.2,5,1.7
Aaron Wiggins,16.1,0.596,20.3,2.7,2.7,5.4,0.148,1.3,-0.2,1.1,1.4
Walker Kessler,20,0.66,13.7,3.6,1.8,5.4,0.149,1.1,0.7,1.8,1.7
De'Andre Hunter,15.9,0.623,22.8,3,1.4,4.4,0.122,1.2,-0.8,0.4,1
De'Andre Hunter,15.8,0.616,24.2,1.6,0.6,2.2,0.1,0.9,-1.4,-0.4,0.4
De'Andre Hunter,16.2,0.634,20.5,1.4,0.8,2.2,0.157,1.6,0,1.6,0.6
Ochai Agbaji,12,0.601,14.6,1.6,1.5,3.1,0.087,-0.9,0.2,-0.7,0.5
Brandin Podziemski,14.4,0.557,18.3,1.9,2.3,4.2,0.117,-0.1,0.8,0.7,1.2
Jabari Smith Jr.,12.6,0.562,16.4,1.9,2.2,4.2,0.117,-0.8,0.1,-0.7,0.6
Anthony Davis,26.3,0.588,30.4,3.7,3,6.7,0.188,3.9,1.5,5.4,3.2
Anthony Davis,27.1,0.601,30.2,3.6,2.6,6.2,0.207,4.5,1.5,6,2.9
Anthony Davis,21.7,0.52,31.2,0.1,0.4,0.5,0.088,1.2,1.3,2.5,0.3
Bradley Beal,15.2,0.598,22.1,1.9,0.6,2.4,0.068,-0.1,-1,-1.1,0.4
Georges Niang,11.2,0.607,17.9,1.5,1.4,2.9,0.081,-1.1,-1.2,-2.3,-0.1
Georges Niang,11.1,0.617,16.5,1.1,1.1,2.2,0.099,-1.3,-0.5,-1.8,0.1
Georges Niang,11.4,0.595,20.3,0.4,0.3,0.7,0.051,-0.8,-2.3,-3.1,-0.2
Jakob Poeltl,20,0.641,18.7,3,2.5,5.5,0.158,0.7,1.3,2,1.7
Scotty Pippen Jr.,15.8,0.582,19.3,2.4,2.3,4.7,0.133,0,1.8,1.9,1.7
Kevin Huerter,11.3,0.544,17.5,0.6,1.3,1.9,0.054,-1.8,-0.2,-2,0
Kevin Huerter,10.6,0.524,17.2,0.1,0.8,0.8,0.044,-2.3,0,-2.3,-0.1
Kevin Huerter,12,0.566,17.8,0.5,0.6,1.1,0.066,-1.2,-0.3,-1.5,0.1
Santi Aldama,16.8,0.588,18.5,2.9,2,5,0.144,2.5,0.7,3.2,2.2
A.J. Green,9.2,0.621,12.6,1.6,1.3,2.8,0.082,-1.7,-0.4,-2.2,-0.1
Al Horford,12.9,0.563,13.8,2,2.4,4.4,0.129,0.1,1.1,1.2,1.3
Terry Rozier,10.5,0.497,20.4,-0.5,1.5,1,0.029,-2.6,-1,-3.7,-0.7
Peyton Watson,11.4,0.564,13.9,1,1.5,2.5,0.073,-2.1,0.3,-1.8,0.1
Moses Moody,12.4,0.578,17.4,1.7,1.8,3.5,0.102,-0.9,0,-0.9,0.5
Tristan Da Silva,9.9,0.522,15.2,0.5,1.9,2.5,0.073,-2.3,-0.3,-2.6,-0.3
Donte DiVincenzo,14.1,0.582,19.4,1.6,2.2,3.9,0.115,0.8,1.1,1.9,1.6
Isaiah Joe,14,0.617,17.2,2.9,2.2,5.1,0.153,1.4,-0.1,1.3,1.4
Corey Kispert,11,0.584,17.5,1,0.1,1.1,0.032,-1.4,-2.2,-3.7,-0.7
Caris LeVert,15.2,0.582,19.4,2.4,1.6,4,0.119,0.8,0.1,0.9,1.2
Caris LeVert,14.4,0.58,18.1,1.3,1,2.3,0.124,0.5,0.7,1.2,0.7
Caris LeVert,16.2,0.583,21.2,1.1,0.5,1.6,0.112,1.1,-0.7,0.4,0.4
Miles McBride,12.6,0.531,16.8,1.8,1.4,3.2,0.098,-0.4,0.4,0,0.8
Isaiah Hartenstein,18.9,0.599,16.7,3.2,3.6,6.8,0.205,0.6,2.6,3.2,2.1
Gradey Dick,10.9,0.543,21,0.2,1.2,1.4,0.042,-1.9,-1.3,-3.2,-0.5
Paolo Banchero,20,0.551,33.6,1.1,2.4,3.5,0.106,3.4,0.2,3.5,2.2
Patrick Williams,9,0.512,16.9,-0.9,1.3,0.4,0.012,-3,-0.7,-3.7,-0.7
Obi Toppin,17.4,0.642,20.1,2.7,1.6,4.3,0.135,1.8,-0.1,1.7,1.4
Grayson Allen,13.7,0.631,17.6,2,0.6,2.5,0.079,0.7,-1,-0.3,0.7
Sam Hauser,12.8,0.632,14.3,2.6,1.8,4.4,0.136,0.9,-0.1,0.8,1.1
Ziaire Williams,11.9,0.55,18.2,0.5,1.6,2.1,0.065,-2.2,-0.1,-2.3,-0.1
Gabe Vincent,7.4,0.536,13.5,0.3,1,1.3,0.039,-3.8,-0.1,-4,-0.8
Victor Wembanyama,24.2,0.594,30.4,1,2.8,3.8,0.118,3.6,2.9,6.5,3.3
Jerami Grant,10.9,0.523,19.4,0.6,1.2,1.8,0.057,-1.4,-0.3,-1.6,0.1
Jonas Valanciunas,20.8,0.602,22.8,2.6,1.7,4.3,0.137,0.8,-0.1,0.6,1
Jonas Valanciunas,20.6,0.602,23.8,1.3,1,2.3,0.112,0.8,-0.5,0.4,0.6
Jonas Valanciunas,21.1,0.604,20.9,1.3,0.7,2.1,0.183,0.6,0.5,1.1,0.4
Kyle Filipowski,14.9,0.594,18.7,1.5,1,2.5,0.078,-0.6,-0.3,-1,0.4
Ja Morant,19.3,0.563,32.2,2,1.5,3.5,0.112,3.1,-0.7,2.4,1.7
Matas Buzelis,12.5,0.571,18.7,0.5,1.4,1.9,0.06,-2,-0.5,-2.5,-0.2
LaMelo Ball,19.1,0.536,35.9,0.9,1.1,2,0.065,4.1,-0.9,3.2,2
Dalton Knecht,12.7,0.594,18.5,1.7,1,2.7,0.086,-0.1,-1.7,-1.8,0.1
Kevin Porter Jr.,15.4,0.531,25.4,-0.1,2.3,2.2,0.072,-1.6,0.9,-0.6,0.5
Kevin Porter Jr.,12.1,0.476,25.9,-1.2,1.4,0.2,0.011,-3.2,0.7,-2.5,-0.1
Kevin Porter Jr.,20.2,0.616,24.8,1.1,0.9,2,0.163,0.9,1.2,2.1,0.6
D'Angelo Russell,14,0.522,24,0.7,1.3,1.9,0.063,0,-0.4,-0.4,0.6
D'Angelo Russell,13,0.537,22.1,0.4,0.6,1,0.063,-0.7,-1,-1.7,0.1
D'Angelo Russell,15.1,0.508,25.9,0.2,0.7,0.9,0.063,0.8,0.2,1,0.5
Lauri Markkanen,15.6,0.571,24,1.8,0.3,2.2,0.07,1.8,-2.1,-0.3,0.7
Luke Kennard,13.6,0.631,14.5,2.6,1.3,3.9,0.127,0.9,0.2,1.1,1.2
Jamal Shead,9.9,0.499,18.6,-0.2,1.1,0.8,0.027,-3.2,-0.9,-4.1,-0.8
Aaron Gordon,17,0.65,19,3.6,0.7,4.3,0.143,2.7,-1.5,1.2,1.2
Isaiah Stewart,14.6,0.616,12.4,2.1,2.2,4.3,0.144,-1.6,2.1,0.6,0.9
Brice Sensabaugh,13.4,0.612,21.5,0.9,0.3,1.2,0.042,0.4,-1.6,-1.2,0.3
Goga Bitadze,19.2,0.631,14.3,2.8,3,5.8,0.195,-0.3,2.8,2.5,1.6
Kel'el Ware,17.4,0.603,17.2,1.7,2.5,4.1,0.14,-0.7,0.6,-0.1,0.7
Tari Eason,18.5,0.567,19.4,2.1,2.9,5,0.169,1,2.6,3.6,2
Zach Edey,18.2,0.624,16.4,2.7,2.2,4.9,0.165,-0.2,0.1,-0.1,0.7
T.J. McConnell,18.4,0.547,23.4,1.5,1.7,3.2,0.109,0.6,0.6,1.2,1.2
Terance Mann,12,0.584,14.7,1.7,1.3,3,0.101,-1.4,0,-1.3,0.2
Terance Mann,10.5,0.533,14,0.4,1,1.4,0.093,-2.5,1.2,-1.3,0.1
Terance Mann,13.7,0.629,15.4,1.3,0.3,1.6,0.111,-0.1,-1.2,-1.3,0.1
Ryan Dunn,10.7,0.517,16.7,0.2,0.7,1,0.034,-2.9,-1.2,-4.1,-0.7
Sam Merrill,11.1,0.583,14.3,1.8,1.5,3.3,0.113,-0.4,0.7,0.3,0.8
Ayo Dosunmu,12.8,0.585,16.6,1.6,1,2.5,0.087,-1.4,-0.2,-1.6,0.1
Ty Jerome,21,0.643,23.6,4.2,1.8,5.9,0.204,3.5,0.8,4.3,2.2
Julian Strawther,9.5,0.559,17.8,0.5,0.8,1.3,0.043,-3.1,-1.4,-4.5,-0.9
Nick Smith Jr.,8.3,0.502,20.8,-0.9,0.3,-0.5,-0.019,-3.2,-2.6,-5.7,-1.3
Jaime Jaquez Jr.,14.3,0.543,20.2,0.5,1.8,2.3,0.081,-1.4,0.5,-0.9,0.4
Nicolas Batum,10.3,0.633,9,1.5,2,3.5,0.124,-1.2,2,0.8,1
Jose Alvarado,13.4,0.523,19.8,0.7,0.5,1.2,0.043,-0.6,-0.8,-1.4,0.2
Jeremy Sochan,15.9,0.589,19,1.7,1.1,2.7,0.096,-0.8,-0.4,-1.2,0.3
Luke Kornet,19.6,0.683,11.4,4.8,2.2,7,0.246,1.6,1.7,3.3,1.8
Trey Lyles,12.3,0.551,14.3,1.3,1.2,2.6,0.091,-0.4,-0.3,-0.7,0.4
Jake LaRavia,12.6,0.591,14.4,1.4,1.5,2.9,0.104,-0.8,1.1,0.2,0.8
Jake LaRavia,13.5,0.605,14.5,1.2,1.2,2.4,0.119,-0.2,1.5,1.3,0.8
Jake LaRavia,10.2,0.551,14.2,0.2,0.3,0.5,0.063,-2.5,-0.2,-2.7,-0.1
Bogdan Bogdanovic,11.1,0.559,18.7,0.7,1.2,1.9,0.069,-1.8,-0.2,-2,0
Bogdan Bogdanovic,7.6,0.502,18.9,-0.4,0.4,-0.1,-0.006,-4.1,-0.6,-4.7,-0.4
Bogdan Bogdanovic,14,0.608,18.6,1.1,0.9,2,0.128,0.1,0.1,0.2,0.4
Justin Champagnie,15.7,0.614,15.6,1.6,1.2,2.8,0.1,-0.3,-0.2,-0.5,0.5
Paul George,14.5,0.543,23.5,-0.2,1.2,1,0.036,-0.5,0.1,-0.4,0.5
Ausar Thompson,17.2,0.568,19.1,1.5,2.4,3.8,0.138,-0.8,2.5,1.7,1.2
Donovan Clingan,17.4,0.574,14.2,1.8,2.2,4,0.144,-1.7,1.4,-0.3,0.6
Jordan Hawkins,9.6,0.504,21,-0.7,0.1,-0.5,-0.02,-2.4,-3,-5.4,-1.2
Tyrese Martin,10.9,0.533,18.8,0,0.9,0.9,0.033,-1.4,-1.2,-2.6,-0.2
Mason Plumlee,14.8,0.645,10.8,2.4,1.3,3.7,0.136,-1.5,1,-0.6,0.5
Jonathan Mogbo,11.9,0.496,15,0.3,1.6,1.9,0.071,-2.9,1,-1.9,0
Jalen Johnson,17.3,0.569,22.5,0.8,1.6,2.4,0.089,0.5,1.4,1.8,1.2
Max Strus,12.6,0.607,14.7,2.2,1.3,3.4,0.13,1.1,0.2,1.3,1.1
Johnny Juzang,11.8,0.573,17.6,1.3,0.3,1.6,0.06,-0.9,-1.4,-2.3,-0.1
Ron Holland,11.1,0.556,18.1,0.2,1.5,1.8,0.067,-3.3,0.3,-3,-0.3
Javonte Green,10.7,0.541,11.8,0.7,0.9,1.6,0.063,-2.8,0.5,-2.3,-0.1
Javonte Green,10.8,0.569,10.9,0.8,0.6,1.4,0.063,-2.5,0.3,-2.2,0
Javonte Green,10.2,0.438,18.2,-0.1,0.3,0.2,0.063,-4.4,1.3,-3.1,0
Nick Richards,16.6,0.634,17.3,1.8,1.2,3,0.114,-2,-1.3,-3.3,-0.4
Nick Richards,17.2,0.614,17.9,0.5,0.5,1.1,0.117,-2.3,0.2,-2,0
Nick Richards,16.3,0.645,17,1.3,0.6,1.9,0.112,-1.9,-2.1,-3.9,-0.4
Dean Wade,10.1,0.563,10.4,1.3,1.7,3,0.113,-1,1.2,0.3,0.7
Ricky Council IV,11.6,0.502,20.3,0.1,0.5,0.6,0.023,-2,-2.3,-4.3,-0.7
Tidjane Salaun,7.7,0.457,15.2,-0.9,0.9,0,0.002,-4.3,-0.8,-5.2,-1
Bobby Portis,17.7,0.542,24.1,0.9,1.9,2.7,0.106,0.6,-0.4,0.2,0.7
Moussa Diabate,16.5,0.609,13.4,1.8,1.5,3.2,0.125,-1.4,-0.4,-1.9,0
Jeremiah Robinson-Earl,12.9,0.563,14.4,1.3,0.5,1.7,0.067,-0.9,-1.6,-2.5,-0.2
Simone Fontecchio,9.7,0.544,15.8,0.4,1.2,1.6,0.063,-2.2,-0.7,-2.9,-0.3
Cole Anthony,14.2,0.531,24.6,0,2,2,0.078,-0.8,0.9,0.1,0.7
Ben Sheppard,9.2,0.555,11.3,1,1,2.1,0.081,-2.2,0.2,-2,0
Daniel Gafford,24.7,0.716,19.5,4.4,1.5,5.9,0.232,2.7,1.1,3.8,1.8
John Collins,19,0.628,24.2,1.7,0.8,2.5,0.098,1.4,-0.4,1,0.9
Caleb Martin,9.6,0.513,14.4,0,0.7,0.6,0.025,-2.9,-0.2,-3.2,-0.4
Caleb Martin,10.1,0.531,14.2,0.1,0.5,0.6,0.03,-2.3,-0.2,-2.5,-0.1
Caleb Martin,8,0.454,14.9,-0.2,0.2,0,0.008,-5,-0.3,-5.3,-0.2
Kristaps Porzingis,22.3,0.618,25.9,3.3,2,5.3,0.212,3.5,1.2,4.7,2.1
Brandon Clarke,17.6,0.638,15.3,2.7,1.7,4.4,0.174,0,0.8,0.8,0.9
Deandre Ayton,17.7,0.583,19.4,1.2,1.6,2.8,0.113,-0.3,-0.4,-0.7,0.4
Jarace Walker,11.9,0.59,17.1,0.1,1.5,1.6,0.065,-1.8,0.8,-0.9,0.3
Kawhi Leonard,20.5,0.589,27.7,1.5,1.9,3.5,0.141,2.5,0.6,3.1,1.5
Clint Capela,17.7,0.564,16.7,1.7,1.5,3.2,0.131,-0.6,-0.4,-1,0.3
Cody Martin,11.3,0.509,14.7,0.1,1.2,1.3,0.054,-2.8,1.1,-1.7,0.1
Cody Martin,11.7,0.528,14.6,0.3,1,1.3,0.063,-2.3,1.1,-1.2,0.2
Cody Martin,9.5,0.417,15.3,-0.2,0.2,0,0.01,-4.9,0.9,-4,-0.1
Mark Williams,23.9,0.647,21.4,3.1,1.6,4.7,0.195,2.5,0.9,3.5,1.6
Precious Achiuwa,13.6,0.53,14.9,0.7,1.7,2.3,0.095,-2.1,0.2,-1.9,0
Nikola Jovic,13.8,0.595,18.3,1.2,1.3,2.5,0.104,-0.3,0.6,0.3,0.7
Justin Edwards,11.3,0.559,16.9,0.4,0.5,0.9,0.039,-2.1,-1.6,-3.7,-0.5
Vit Krejci,12.7,0.661,12.9,1.8,0.8,2.6,0.11,0,0.7,0.7,0.8
Jonathan Kuminga,15.7,0.535,27.4,0.5,1.5,1.9,0.08,-0.5,-0.1,-0.6,0.4
Kevon Looney,17,0.535,13.3,2.2,2.1,4.3,0.182,-1,1.3,0.3,0.7
Kenrich Williams,13.7,0.587,15.4,1.6,1.9,3.6,0.151,-0.4,0.9,0.6,0.7
Julian Phillips,10.2,0.571,12.9,1,0.8,1.9,0.08,-2.6,-0.4,-3,-0.3
Aaron Nesmith,14.6,0.653,17.4,1.9,1,2.9,0.126,0,-0.5,-0.5,0.4
Dalano Banton,12.9,0.497,24.1,-0.3,1.1,0.8,0.033,-0.6,-0.2,-0.8,0.3
Ben Simmons,12.4,0.539,13.2,0.5,1.3,1.8,0.078,-2.3,1.8,-0.5,0.4
Ben Simmons,12.6,0.562,14.3,0.3,0.9,1.1,0.065,-2.4,1.4,-1,0.2
Ben Simmons,11.9,0.464,10.4,0.2,0.5,0.7,0.116,-1.9,2.7,0.9,0.2
Ja'Kobe Walter,10.8,0.523,18.2,0.3,0.9,1.2,0.052,-2.3,-0.6,-3,-0.3
Jaxson Hayes,15.8,0.72,12.4,2.3,1.4,3.7,0.162,-1.6,1.3,-0.3,0.5
Cameron Payne,13.8,0.532,20.8,1.3,1,2.3,0.099,-0.1,-0.2,-0.2,0.5
Jonathan Isaac,16.6,0.512,16.2,0.8,2.5,3.4,0.148,-1.1,1.8,0.7,0.7
DaQuan Jeffries,7.9,0.518,13.5,0,0.6,0.6,0.027,-4,-0.7,-4.7,-0.7
Jusuf Nurkic,15.2,0.555,20.6,0,1.5,1.5,0.066,-2.2,0.9,-1.3,0.2
Jusuf Nurkic,12.6,0.556,18.7,-0.3,0.8,0.5,0.039,-3.9,0.5,-3.4,-0.2
Jusuf Nurkic,18.4,0.554,23,0.3,0.7,1,0.099,-0.1,1.4,1.2,0.4
Seth Curry,12.2,0.616,15.7,1.3,0.5,1.8,0.08,-0.8,-0.9,-1.7,0.1
Cody Williams,3.7,0.419,12.5,-1.2,0.1,-1.2,-0.053,-6.1,-1.2,-7.3,-1.4
Isaac Okoro,10.7,0.587,12.5,1.5,1,2.5,0.115,-1.1,0.6,-0.5,0.4
Oso Ighodaro,11.1,0.61,10.5,1.1,0.6,1.6,0.075,-2.9,0.3,-2.6,-0.2
Jared Butler,15.6,0.549,23.6,1,0.4,1.4,0.063,0.5,-1.5,-1,0.3
Jared Butler,17.7,0.562,26.1,0.5,0.1,0.6,0.079,2.2,-1.2,1,0.3
Jared Butler,14.5,0.54,22.2,0.4,0.3,0.8,0.055,-0.4,-1.7,-2.1,0
Jamison Battle,10.7,0.59,15.3,1,0.7,1.7,0.079,-0.9,-1.3,-2.3,-0.1
Noah Clowney,9.2,0.516,19,-0.3,0.8,0.5,0.023,-3.1,-1,-4.1,-0.5
Alex Caruso,15.9,0.568,15.2,1.6,2.3,3.9,0.18,0.1,3.9,4,1.6
Kris Murray,9.1,0.472,13.9,-0.2,0.9,0.7,0.033,-3.1,0.1,-3,-0.3
Dejounte Murray,15.4,0.494,27.3,-0.7,0.9,0.2,0.009,-1.3,-0.3,-1.6,0.1
Jalen Suggs,14.4,0.536,27.5,-0.7,1.8,1.1,0.052,-0.8,1.3,0.4,0.6
Kyle Anderson,15.1,0.538,15.9,1.3,1.5,2.8,0.135,-0.6,2.2,1.5,0.9
Kyle Anderson,14.8,0.522,15.7,0.6,0.9,1.5,0.132,-0.3,2.6,2.3,0.6
Kyle Anderson,15.3,0.557,16.1,0.7,0.6,1.3,0.139,-1,1.7,0.6,0.3
Brandon Boston Jr.,12.7,0.535,20,0.2,0.5,0.7,0.033,-2.3,-0.2,-2.5,-0.1
Dalen Terry,9.6,0.546,14.9,0.2,0.8,1.1,0.052,-4,0.2,-3.8,-0.5
Andre Jackson Jr.,8.6,0.554,11.9,0.1,1,1.2,0.059,-3.6,0.2,-3.4,-0.3
Zach Collins,16,0.605,17.1,1.7,1,2.7,0.132,-0.8,0.8,0,0.5
Zach Collins,14.4,0.566,17.1,0.6,0.4,1,0.11,-1.6,1.5,-0.1,0.2
Zach Collins,17.2,0.635,17.1,1.1,0.6,1.7,0.149,-0.1,0.2,0.1,0.3
Trayce Jackson-Davis,18.5,0.587,17.1,1.9,1.4,3.4,0.167,0.3,0.9,1.2,0.8
Thomas Bryant,17.2,0.614,17.1,1.8,1.2,3.1,0.152,0.7,0,0.6,0.6
Thomas Bryant,15.8,0.624,13.4,0.2,0.2,0.4,0.171,-1.1,1.1,0,0.1
Thomas Bryant,17.4,0.613,17.6,1.6,1,2.6,0.15,0.9,-0.2,0.7,0.6
Jalen Smith,18.7,0.586,21,1.7,1.3,2.9,0.146,1.5,-0.6,0.9,0.7
Jordan Clarkson,14.5,0.54,27.8,0.2,0.2,0.4,0.021,0.6,-2.1,-1.5,0.1
Gary Payton II,16.2,0.635,16.1,1.5,1.5,3,0.155,-0.5,2,1.4,0.8
Brandon Miller,14,0.54,27.7,-0.2,0.7,0.4,0.023,0.8,-0.8,0,0.4
Bruce Brown,10.9,0.504,17.2,0.1,0.6,0.7,0.035,-3.2,-0.6,-3.8,-0.4
Bruce Brown,12.3,0.525,19.3,0,0.4,0.4,0.06,-2.7,0.2,-2.5,0
Bruce Brown,10.1,0.488,15.9,0.1,0.2,0.2,0.02,-3.4,-1.2,-4.6,-0.4
Immanuel Quickley,17.5,0.57,25.1,1.8,0.6,2.5,0.128,3.2,-1,2.2,1
Trendon Watford,13,0.557,23.3,0,0.8,0.7,0.038,-2.3,-0.8,-3.1,-0.3
KJ Martin,10.2,0.618,11.5,1.1,0.2,1.3,0.068,-3.2,-0.3,-3.6,-0.4
KJ Martin,12.3,0.689,11.2,0.9,0.2,1.1,0.107,-2.1,0.3,-1.7,0
KJ Martin,7.9,0.546,11.8,0.2,0,0.2,0.024,-4.6,-1.1,-5.6,-0.4
Jaden Hardy,10.4,0.549,25.3,-0.8,0.5,-0.3,-0.016,-2.8,-1.9,-4.7,-0.6
Day'Ron Sharpe,19.7,0.568,19.9,1.3,1.4,2.7,0.141,0,0.9,0.9,0.7
Adem Bona,16.5,0.714,14.3,1.4,0.9,2.3,0.121,-2.9,0.2,-2.7,-0.2
Tre Jones,16.3,0.617,14.1,2.3,0.6,2.9,0.155,0.5,1,1.5,0.8
Tre Jones,13.8,0.572,12.2,0.9,0.3,1.1,0.118,-1.2,1.1,-0.1,0.2
Tre Jones,18.8,0.647,16,1.5,0.4,1.8,0.191,2.1,1,3.1,0.6
Jaden Ivey,14.7,0.569,26,0.3,0.8,1.2,0.062,0.8,-0.8,0,0.5
Kelly Olynyk,14.9,0.609,18.5,1,0.7,1.7,0.092,-1.1,0.4,-0.7,0.3
Kelly Olynyk,14.9,0.624,18.8,0.4,0.5,0.9,0.112,-0.7,0.9,0.2,0.2
Kelly Olynyk,14.8,0.596,18.2,0.6,0.3,0.8,0.077,-1.4,0,-1.4,0.1
Chet Holmgren,19.2,0.599,22,1.1,2,3.2,0.173,0.5,1.9,2.4,1
Neemias Queta,16.3,0.674,13.7,1.8,1.4,3.2,0.179,-1.7,1,-0.7,0.3
Alec Burks,12.8,0.608,16.5,0.9,0.9,1.8,0.1,0,0.3,0.3,0.5
Chris Boucher,18.7,0.615,21.2,1.7,1,2.7,0.148,2.9,-0.6,2.3,0.9
Zion Williamson,27.3,0.6,34.7,1.9,0.6,2.5,0.141,5.9,1,7,1.9
Khris Middleton,16.7,0.588,22,1.2,0.8,2,0.116,0.4,0.3,0.7,0.6
Khris Middleton,17.8,0.627,22,1.1,0.6,1.7,0.15,1.7,0.6,2.2,0.6
Khris Middleton,14.9,0.526,22,0.1,0.2,0.4,0.057,-1.9,-0.1,-2,0
KJ Simpson,8.3,0.437,19.1,-1,0.5,-0.4,-0.025,-4.5,-0.9,-5.4,-0.7
Shake Milton,11.9,0.563,16.7,0.8,0.5,1.3,0.077,-1.7,-0.5,-2.2,0
Shake Milton,12.8,0.58,17,0.7,0.3,1,0.093,-0.8,-0.2,-0.9,0.1
Shake Milton,10.5,0.535,16.3,0.1,0.3,0.4,0.055,-3.1,-0.9,-4,-0.2
Dereck Lively II,20.1,0.704,13.6,2.4,1,3.4,0.199,1.1,2.2,3.3,1.1
Garrison Mathews,11.2,0.606,15.9,1,0.5,1.5,0.087,-1.1,-0.5,-1.6,0.1
Cam Whitmore,15.5,0.549,23.9,0.6,1.2,1.8,0.106,0.7,-0.4,0.3,0.5
Ryan Rollins,14,0.6,18.4,0.7,1,1.7,0.101,-1.4,0.9,-0.5,0.3
Marcus Sasser,14,0.589,19.4,1,0.8,1.8,0.108,-0.4,-0.2,-0.6,0.3
Steven Adams,16.6,0.541,13.6,1,1.3,2.3,0.137,0,0.3,0.3,0.5
Aaron Holiday,12.2,0.594,16.8,1.2,0.8,2,0.122,-0.4,0.1,-0.2,0.3
Karlo Matkovic,15.6,0.639,15.9,1,0.6,1.6,0.096,-1.9,-0.2,-2,0
Caleb Houstan,9.4,0.605,11.7,0.9,0.9,1.8,0.109,-2.4,0.2,-2.2,0
Vasilije Micic,6.5,0.462,19.9,-1.2,0.2,-1,-0.06,-4.6,-2.4,-7,-1
Vasilije Micic,6.8,0.462,20.3,-1.1,0.3,-0.9,-0.056,-4.4,-2.4,-6.8,-0.9
Vasilije Micic,-5.2,,6.3,-0.1,0,-0.1,-0.189,-10.7,-4.1,-14.8,-0.1
Jaylin Williams,16.4,0.594,14.6,1.5,1.7,3.3,0.199,1.5,2.7,4.3,1.2
Pelle Larsson,10.2,0.546,14.4,0.6,0.8,1.4,0.086,-3.8,0.7,-3.1,-0.2
Cam Thomas,18,0.575,32.6,0.8,0.4,1.2,0.071,2.8,-2.6,0.3,0.5
Lindy Waters III,8.8,0.504,14.8,0.1,0.9,1,0.062,-3,0.2,-2.8,-0.2
Lindy Waters III,8.4,0.498,14.6,0,0.8,0.8,0.057,-3.5,0.4,-3.1,-0.2
Lindy Waters III,11,0.534,16.1,0.1,0.1,0.2,0.086,-0.5,-0.7,-1.2,0
Lonzo Ball,12.2,0.524,15.9,0.3,0.9,1.2,0.075,-1.5,1.7,0.2,0.4
Orlando Robinson,12.9,0.519,18.5,0.4,0.8,1.2,0.072,-3,-0.4,-3.4,-0.3
Orlando Robinson,12.2,0.473,18.2,0,0.1,0.1,0.047,-4.1,1.3,-2.9,0
Orlando Robinson,12.9,0.523,18.6,0.4,0.7,1.1,0.074,-2.9,-0.5,-3.5,-0.3
Eric Gordon,10.8,0.591,14.4,0.7,0.2,0.9,0.053,-0.8,-0.8,-1.6,0.1
Gui Santos,11.7,0.575,13.2,0.8,0.9,1.7,0.11,-2.2,0.5,-1.7,0.1
Landry Shamet,9.7,0.601,14.8,0.5,0.5,1,0.065,-1.9,-0.6,-2.4,-0.1
Svi Mykhailiuk,9.8,0.526,20.3,-0.2,0.1,-0.1,-0.009,-1.4,-2.1,-3.5,-0.3
Andre Drummond,16,0.535,19.1,0.2,1,1.2,0.078,-2.4,-0.8,-3.2,-0.2
Jabari Walker,15,0.601,16.3,1,1,2,0.128,-1.2,0.5,-0.8,0.2
Jay Huff,18.2,0.666,19.6,1.6,1,2.5,0.162,2.5,1,3.5,1.1
Drew Eubanks,15.6,0.622,15.1,1,0.7,1.7,0.107,-1.2,0.6,-0.7,0.3
Drew Eubanks,15.9,0.632,14.8,0.8,0.4,1.2,0.1,-0.9,0.9,0,0.3
Drew Eubanks,14.8,0.589,16,0.2,0.3,0.5,0.129,-2.4,-0.3,-2.7,0
Talen Horton-Tucker,13.8,0.567,21.6,0.6,0.5,1.1,0.075,-1.4,-1.1,-2.4,-0.1
Gary Harris,6.9,0.524,9.5,0.1,0.9,1,0.067,-3.9,1.2,-2.7,-0.1
Micah Potter,8.5,0.563,10.3,0.2,0.3,0.4,0.03,-2.9,-0.6,-3.5,-0.3
Jett Howard,7.1,0.491,19.2,-0.6,0.8,0.1,0.01,-4.1,-1.2,-5.3,-0.6
DeAndre Jordan,15.4,0.621,12.8,0.9,0.9,1.8,0.127,-1.4,0.2,-1.2,0.2
Quinten Post,14.2,0.595,19.6,0.8,0.9,1.7,0.116,0.1,0,0.1,0.4
Blake Wesley,9.9,0.51,16.7,-0.3,0.4,0.2,0.011,-3.9,-0.3,-4.2,-0.4
Sandro Mamukelashvili,19.7,0.628,20.8,1.6,0.6,2.2,0.152,3.3,-1,2.3,0.7
Marcus Smart,12.4,0.529,20.6,0.1,0.6,0.7,0.051,-1.6,0.1,-1.5,0.1
Marcus Smart,11.3,0.504,20,0,0.5,0.4,0.054,-1.7,0.5,-1.2,0.1
Marcus Smart,14,0.563,21.5,0.1,0.2,0.3,0.046,-1.5,-0.5,-1.9,0
Jalen Pickett,10.9,0.545,13.2,0.8,0.3,1.1,0.078,-0.8,-0.7,-1.5,0.1
Tosan Evbuomwan,11.6,0.53,19.1,0,0.6,0.6,0.044,-3,-0.3,-3.2,-0.2
Antonio Reeves,11.7,0.579,18.8,0.4,0,0.4,0.029,-1.2,-2,-3.2,-0.2
Kyle Lowry,9.8,0.525,10.1,0.6,0.4,1,0.07,-2.8,1.5,-1.3,0.1
Reed Sheppard,9.7,0.465,17.8,-0.3,1,0.8,0.055,-3,1.3,-1.7,0.1
Herbert Jones,10.4,0.541,14.6,0.1,0.3,0.4,0.033,-3.9,0.2,-3.6,-0.3
AJ Johnson,7.1,0.48,17.4,-0.5,0,-0.4,-0.032,-5.6,-2.5,-8.1,-1
AJ Johnson,10.6,0.503,23.8,-0.1,0,0,-0.023,-3.1,-1.8,-4.9,0
AJ Johnson,6.9,0.478,17,-0.4,0,-0.4,-0.033,-5.8,-2.5,-8.3,-0.9
Maxi Kleber,5.6,0.489,8.7,0,0.4,0.3,0.023,-4.2,0.4,-3.8,-0.3
Delon Wright,9.2,0.44,11.3,0,0.7,0.7,0.053,-2.8,1.4,-1.4,0.1
Delon Wright,7.4,0.365,11.2,-0.3,0.5,0.2,0.022,-4.1,1.6,-2.5,-0.1
Delon Wright,12.4,0.566,11.5,0.3,0.2,0.5,0.109,-0.6,1.1,0.5,0.1
Jericho Sims,10,0.639,7.6,0.5,0.7,1.3,0.096,-3.1,0.1,-3,-0.2
Jericho Sims,9.9,0.619,7.5,0.4,0.5,0.8,0.096,-3.3,-0.2,-3.5,-0.2
Jericho Sims,10.2,0.68,7.7,0.1,0.3,0.4,0.097,-2.8,0.9,-1.9,0
Josh Okogie,16.3,0.567,19.5,0.6,0.7,1.3,0.1,-0.1,1.6,1.5,0.6
Josh Okogie,15.8,0.586,18.1,0.4,0.3,0.7,0.092,0.1,0.3,0.4,0.2
Josh Okogie,16.8,0.548,21.2,0.2,0.4,0.6,0.11,-0.3,3.3,3.1,0.4
Jeff Dowtin,16.1,0.57,18.6,1.1,0.3,1.3,0.103,0.7,-0.5,0.2,0.3
Daniel Theis,12.1,0.558,11.6,0.6,0.4,1,0.077,-3.3,0,-3.3,-0.2
Cory Joseph,10.9,0.547,12.8,0.6,0.9,1.5,0.114,-2.3,1.4,-0.8,0.2
Zeke Nnaji,12,0.574,12.2,0.6,0.6,1.2,0.097,-2.1,0.7,-1.3,0.1
Kessler Edwards,11.3,0.597,11.1,0.6,0.6,1.2,0.096,-2,0.6,-1.4,0.1
Pat Connaughton,12.1,0.567,15.6,0.6,0.6,1.2,0.093,-1.4,-0.8,-2.3,0
Ajay Mitchell,12,0.587,16.2,0.6,0.9,1.5,0.122,-2.5,0.9,-1.6,0.1
Brandon Ingram,16,0.56,30.2,-0.2,0.2,0,0.001,1.4,-1.7,-0.3,0.3
Jared McCain,15.2,0.589,24.7,0.6,0.1,0.7,0.057,1.8,-1.6,0.2,0.3
Cam Reddish,7.4,0.498,8.8,0,0.6,0.7,0.054,-4.4,1.6,-2.7,-0.1
Jae'Sean Tate,12.3,0.557,13.3,0.8,0.8,1.6,0.133,-2.1,1.4,-0.7,0.2
Olivier-Maxence Prosper,12.6,0.484,16.3,0.3,0.5,0.9,0.072,-1.6,-0.5,-2.1,0
Jarred Vanderbilt,13.2,0.537,12.5,0.5,0.9,1.4,0.114,-2.3,1.3,-1,0.2
Joel Embiid,23.4,0.58,34.2,0.9,0.5,1.4,0.118,3.7,-0.3,3.5,0.8
Monte Morris,13.1,0.546,18.1,0.6,0.2,0.8,0.064,-1,-0.8,-1.8,0
Moritz Wagner,22.3,0.649,26.8,1,1,2,0.174,2.6,1.4,4,0.9
Malcolm Brogdon,15.8,0.544,23.7,0.6,0.1,0.7,0.061,-0.1,-1.5,-1.5,0.1
John Konchar,12.1,0.592,8,0.6,0.9,1.5,0.131,-0.7,2.3,1.7,0.5
Dwight Powell,12.9,0.713,7.6,1.2,0.5,1.7,0.147,-1.5,1.5,0,0.3
Dillon Jones,8.1,0.464,13.3,-0.1,0.9,0.8,0.067,-4.3,0.3,-4,-0.3
Jordan Goodwin,12.1,0.541,14.1,0.2,0.7,1,0.084,-1.7,0.8,-0.8,0.2
Richaun Holmes,19.8,0.695,14.7,1.6,0.4,2,0.178,1.2,0,1.1,0.4
Mouhamed Gueye,14.4,0.52,15.7,0.4,0.8,1.2,0.106,-1.6,1,-0.6,0.2
Bismack Biyombo,12.2,0.576,12.3,0.2,0.6,0.8,0.071,-3.6,0,-3.6,-0.2
Jaylen Clark,12,0.598,12,0.9,0.7,1.6,0.147,-2.9,2.7,-0.2,0.2
Rob Dillingham,10.2,0.503,22.7,-0.4,0.6,0.1,0.012,-3.3,-0.9,-4.2,-0.3
Colby Jones,11.4,0.544,13.7,0.1,0.4,0.6,0.053,-3.3,0.4,-2.8,-0.1
Colby Jones,8.6,0.5,10.9,-0.1,0.2,0.1,0.036,-3.9,1.2,-2.7,0
Colby Jones,12.3,0.553,14.7,0.2,0.3,0.5,0.059,-3.1,0.2,-2.9,-0.1
Craig Porter Jr.,13.1,0.61,15.9,0.5,0.6,1.1,0.102,0.1,1,1.1,0.4
Tristan Vukcevic,17.8,0.608,25.7,0.3,0.4,0.7,0.069,0.4,-0.9,-0.5,0.2
Elfrid Payton,8.5,0.34,15.2,-0.9,0.3,-0.6,-0.057,-5.1,-1.3,-6.4,-0.6
Elfrid Payton,10.6,0.38,17,-0.6,0.2,-0.4,-0.047,-3.6,-1.9,-5.5,-0.3
Elfrid Payton,1.7,0.143,9.7,-0.3,0.1,-0.2,-0.087,-9.9,0.7,-9.2,-0.2
Jamal Cain,11.4,0.544,17,0.1,0.2,0.4,0.036,-2.5,-0.8,-3.4,-0.2
Keaton Wallace,10.1,0.503,16.4,-0.1,0.5,0.4,0.034,-3.3,1,-2.3,0
Jock Landale,16,0.59,15.7,1,0.7,1.7,0.159,0,0.4,0.4,0.3
Vince Williams Jr.,9.2,0.504,17,-0.1,0.5,0.4,0.04,-2.5,-0.3,-2.8,-0.1
Wendell Moore Jr.,11,0.553,13.8,0.2,0.5,0.7,0.063,-2.6,-0.1,-2.7,-0.1
Wendell Moore Jr.,12.4,0.561,12.6,0.2,0.3,0.5,0.115,-1.7,1.7,0,0.1
Wendell Moore Jr.,10,0.547,14.8,-0.1,0.2,0.1,0.023,-3.2,-1.5,-4.7,-0.2
Brandon Williams,18.3,0.634,22.6,0.9,0.4,1.3,0.129,1,-0.1,1,0.4
A.J. Lawson,12.7,0.542,20,0.4,0.4,0.8,0.081,-1.5,-1,-2.5,-0.1
Grant Williams,11.5,0.596,14.8,0.3,0.4,0.7,0.071,-2.3,0.7,-1.6,0.1
Lonnie Walker IV,13.1,0.548,22.8,0.2,0.1,0.3,0.033,0,-2.4,-2.4,0
Duop Reath,13.7,0.552,17,0.6,0.4,1,0.105,0.2,-0.5,-0.3,0.2
Reece Beekman,7.5,0.4,12.8,-0.4,0.5,0.1,0.01,-6.7,1.3,-5.4,-0.4
Reece Beekman,42.3,1,10.5,0,0,0,0.598,9.8,16.1,26,0
Reece Beekman,7.2,0.395,12.8,-0.4,0.5,0.1,0.005,-6.8,1.2,-5.6,-0.4
Kai Jones,20.2,0.804,13,1.4,0.7,2.1,0.216,1.4,1.5,2.9,0.6
Kai Jones,14.5,0.739,10.8,0.3,0.4,0.7,0.16,-2,2.6,0.6,0.1
Kai Jones,24.8,0.837,14.8,1.1,0.3,1.4,0.261,4.2,0.6,4.8,0.4
Larry Nance Jr.,16,0.632,15.7,0.8,0.5,1.3,0.131,1.1,0.7,1.8,0.4
Collin Gillespie,16.8,0.578,17.7,1,0.3,1.3,0.131,2.3,0.2,2.5,0.5
Rayan Rupert,8.1,0.499,16.8,-0.3,0.4,0.1,0.007,-4.1,-0.6,-4.7,-0.3
GG Jackson II,9.3,0.482,21.7,-0.4,0.4,0.1,0.009,-3.3,-2,-5.3,-0.4
Jaylon Tyson,11.1,0.523,17.4,0.3,0.5,0.8,0.083,-2.4,-0.2,-2.7,-0.1
Bol Bol,18.4,0.627,21.1,0.6,0.3,0.9,0.097,1.7,-0.9,0.8,0.3
Paul Reed,18.6,0.573,18,0.6,1,1.6,0.173,-1.2,4,2.9,0.5
Colin Castleton,11.3,0.536,13.4,0.3,0.4,0.7,0.075,-4,-1,-5,-0.3
Colin Castleton,7.4,0.472,13.9,0,0,0.1,0.068,-6.1,-1,-7.1,-0.1
Colin Castleton,10.1,0.549,13.5,0,0.3,0.3,0.047,-5,-0.8,-5.7,-0.3
Colin Castleton,16.5,0.536,12.9,0.3,0.1,0.3,0.161,-0.3,-1.7,-2,0
Trevelin Queen,11.9,0.486,18.1,-0.1,0.8,0.7,0.074,-2.6,2.3,-0.3,0.2
Malaki Branham,12,0.575,23.8,-0.1,0.2,0.1,0.007,-1.2,-1.9,-3.2,-0.1
Jordan Miller,10.5,0.509,18.2,-0.1,0.5,0.4,0.049,-3,0.2,-2.8,-0.1
Mo Bamba,13.9,0.557,15.2,0.2,0.8,1,0.117,-2.7,1.9,-0.9,0.1
Mo Bamba,14.5,0.561,16.5,0.1,0.8,0.9,0.124,-2.6,2.4,-0.2,0.2
Mo Bamba,10.6,0.506,7.5,0.1,0,0.1,0.08,-3.4,-1.1,-4.5,0
David Roddy,11.9,0.561,16,0.1,0.4,0.5,0.062,-1.6,0.1,-1.5,0.1
David Roddy,11.8,0.594,14.6,0.2,0.3,0.5,0.07,-1.6,0.5,-1.2,0.1
David Roddy,19.1,0.474,30,0,0,0,0.036,3.2,-0.4,2.9,0
David Roddy,7.2,0.44,18.5,0,0,0,0.007,-5.1,-3.2,-8.3,-0.1
Taj Gibson,10.8,0.515,13.4,0,0.4,0.4,0.043,-5.2,-0.1,-5.3,-0.3
Ousmane Dieng,11.5,0.538,15.7,0.1,0.7,0.9,0.104,-2,1.1,-0.9,0.1
Jordan Walsh,6.9,0.464,11.5,-0.2,0.5,0.4,0.044,-4.4,0.5,-3.9,-0.2
Hunter Tyson,9,0.506,15.5,0.1,0.3,0.4,0.047,-3.3,-1.5,-4.8,-0.3
Anthony Gill,10.2,0.586,12.7,0.4,0.1,0.5,0.058,-3,-1.5,-4.5,-0.3
Devin Carter,10.8,0.471,17.9,-0.1,0.4,0.4,0.043,-3.5,0.3,-3.2,-0.1
Jeff Green,13.6,0.649,14.7,0.9,0.4,1.3,0.159,0.3,0,0.4,0.2
Trey Jemison,8.9,0.537,12.4,0,0.3,0.3,0.037,-6.3,-0.5,-6.8,-0.5
Trey Jemison,9.4,0.461,13,-0.1,0.1,0,0.009,-5.8,-0.4,-6.2,-0.2
Trey Jemison,8.6,0.603,11.9,0,0.2,0.3,0.057,-6.7,-0.6,-7.3,-0.3
Reggie Jackson,9.8,0.496,17.5,0,0.2,0.1,0.015,-3.2,-0.8,-4,-0.2
Baylor Scheierman,10.3,0.49,14.5,0.2,0.5,0.7,0.089,-2.5,0.8,-1.7,0
Quenton Jackson,14.7,0.58,17.7,0.6,0.4,1,0.126,-1.2,0.8,-0.3,0.2
Alex Len,10.6,0.525,10.3,0.2,0.4,0.7,0.083,-3.9,1.2,-2.6,-0.1
Alex Len,13.1,0.557,9.6,0.3,0.3,0.6,0.121,-2.1,2.4,0.3,0.2
Alex Len,5.3,0.463,11.8,-0.1,0.1,0,0.002,-7.6,-1.3,-8.9,-0.2
Johnny Furphy,9.8,0.506,13,0.1,0.5,0.5,0.07,-3,0.6,-2.5,0
Charles Bassey,19,0.597,17.5,0.5,0.6,1.1,0.136,-1.7,0.6,-1.1,0.1
Dominick Barlow,14.6,0.58,14.5,0.7,0.3,1,0.131,-1.4,-0.8,-2.2,0
Dante Exum,13.6,0.589,19.6,0.4,0.2,0.6,0.083,-1.2,-1.1,-2.3,0
Damion Baugh,6.3,0.399,19.3,-0.8,0.2,-0.5,-0.069,-5.9,-1.2,-7.1,-0.5
Jaden Springer,10.7,0.511,14.3,0.1,0.4,0.5,0.07,-4.3,1.6,-2.7,-0.1
Jaden Springer,12.1,0.52,14.7,0.1,0.3,0.4,0.133,-4.4,4.1,-0.3,0.1
Jaden Springer,9.8,0.504,14.1,0,0.1,0.1,0.031,-4.3,0,-4.3,-0.1
Robert Williams,18.9,0.679,12.2,0.6,0.7,1.3,0.175,-0.1,3.2,3,0.4
Doug McDermott,9.5,0.617,15.7,0.4,0.1,0.4,0.061,-0.8,-2.4,-3.2,-0.1
Christian Koloko,13,0.624,10.8,0.5,0.4,0.9,0.13,-3,0.2,-2.8,-0.1
Terrence Shannon Jr.,11.9,0.56,17.7,0.3,0.4,0.6,0.091,-2.1,0,-2.1,0
Keion Brooks Jr.,12.8,0.581,17.1,0.3,0.1,0.4,0.057,-2.2,-1.3,-3.5,-0.1
Tristan Thompson,9.1,0.41,12.7,-0.2,0.5,0.4,0.057,-4.9,0.3,-4.6,-0.2
Maxwell Lewis,9.9,0.516,16.9,-0.1,0.3,0.2,0.03,-3.2,-1.1,-4.4,-0.2
Maxwell Lewis,2.2,0.333,12.1,-0.1,0,0,-0.082,-6.6,-2.9,-9.4,-0.1
Maxwell Lewis,10.6,0.526,17.4,0,0.2,0.3,0.041,-2.9,-1,-3.9,-0.1
Jevon Carter,12.2,0.509,21,0.1,0.3,0.3,0.046,-1,-1.1,-2.1,0
Patty Mills,8.4,0.543,15.6,0,0.1,0.1,0.017,-3.2,0,-3.2,-0.1
Patty Mills,6.2,0.473,15.1,-0.3,0.1,-0.2,-0.04,-4.5,0,-4.4,-0.2
Patty Mills,17.5,0.772,17.9,0.3,0,0.3,0.259,2.2,-0.1,2.1,0.1
Tre Mann,13.3,0.537,26,0,0.1,0.1,0.019,-0.6,-1.9,-2.4,0
Jalen Hood-Schifino,7.9,0.494,17.3,-0.2,0.1,-0.1,-0.015,-4.4,-2.5,-6.9,-0.4
Jalen Hood-Schifino,11.5,1.064,9,0,0,0,0.156,-3.9,1.5,-2.4,0
Jalen Hood-Schifino,7.7,0.484,17.7,-0.2,0.1,-0.1,-0.023,-4.5,-2.6,-7.1,-0.4
Torrey Craig,12.9,0.567,14.1,0.4,0.4,0.8,0.122,-1,0.1,-0.9,0.1
Torrey Craig,17.2,0.663,17.3,0.3,0.1,0.4,0.173,3.4,-1.1,2.3,0.1
Torrey Craig,10.5,0.474,12.3,0.1,0.3,0.4,0.094,-3.4,0.7,-2.7,0
Jordan McLaughlin,12.3,0.6,13.3,0.4,0.2,0.6,0.098,-1.6,0,-1.6,0
Jordan McLaughlin,9.4,0.519,14,0,0.2,0.2,0.045,-3.9,0.4,-3.5,-0.1
Jordan McLaughlin,16.9,0.734,12.3,0.4,0,0.5,0.178,1.8,-0.5,1.3,0.1
Matisse Thybulle,17,0.592,14.4,0.4,0.6,0.9,0.146,0,5.1,5,0.6
Isaac Jones,15.2,0.678,16.3,0.5,0.2,0.7,0.115,-0.9,-0.8,-1.7,0
Tyler Kolek,10.3,0.453,15.8,0.1,0.3,0.4,0.058,-2.6,-0.3,-2.8,-0.1
Mitchell Robinson,20.4,0.676,11.1,0.8,0.5,1.3,0.221,1.5,1.8,3.3,0.4
Josh Minott,15.5,0.605,17.2,0.4,0.5,0.9,0.153,-0.7,2.9,2.2,0.3
Kobe Brown,10.8,0.513,14,0.1,0.4,0.5,0.085,-2.5,0.4,-2.1,0
Dru Smith,13.3,0.656,13.8,0.2,0.4,0.7,0.118,-1.3,3.4,2.1,0.3
Isaiah Wong,10.9,0.5,22.1,-0.1,0.1,0.1,0.01,-2.9,-1,-4,-0.1
Marvin Bagley III,18.4,0.56,20.9,0.4,0.2,0.6,0.108,0.4,-1.6,-1.2,0.1
Marvin Bagley III,19.9,0.573,23.3,0.2,0.1,0.3,0.089,1,-2,-1,0
Marvin Bagley III,15.7,0.534,16.8,0.2,0.1,0.3,0.14,-0.5,-1,-1.5,0
Oscar Tshiebwe,21,0.64,15.3,0.7,0.3,1,0.182,0.6,-2,-1.4,0
Drew Timme,11,0.5,21.3,-0.1,0.2,0,0.009,-3.9,-2.8,-6.7,-0.3
Marcus Bagley,11.8,0.456,13.8,0,0.2,0.2,0.045,-3.4,-0.9,-4.3,-0.1
Cam Spencer,14.2,0.587,15.4,0.6,0.2,0.8,0.16,0.3,0.2,0.5,0.2
Kevin Love,16.2,0.488,24.6,-0.1,0.5,0.4,0.083,-0.3,0.7,0.4,0.2
Pat Spencer,12.6,0.455,21.2,-0.1,0.4,0.3,0.055,-3,1.4,-1.6,0
JT Thor,10,0.517,13.1,0,0.2,0.2,0.033,-4.3,-1.1,-5.4,-0.2
JT Thor,19.1,0.756,24.8,0,0.1,0.1,0.132,-1.2,1.3,0,0
JT Thor,8.2,0.429,10.8,0,0.1,0.1,0.013,-4.9,-1.6,-6.5,-0.2
Branden Carlson,17.6,0.581,19.3,0.4,0.5,0.9,0.177,0.5,0.8,1.3,0.2
Dariq Whitehead,9.4,0.58,20.1,-0.1,0.1,0.1,0.01,-1.5,-2.2,-3.7,-0.1
Johnny Davis,10.2,0.473,15.9,-0.1,0.2,0.1,0.01,-3.5,0.7,-2.8,0
Jaylen Martin,9.1,0.497,15.9,-0.1,0.1,0,-0.004,-4.5,-1.9,-6.3,-0.3
Jaylen Martin,12.8,0.75,17.5,0,0,0,0.112,4,-0.6,3.4,0
Jaylen Martin,9,0.491,15.9,-0.1,0.1,0,-0.007,-4.6,-1.9,-6.5,-0.3
Bones Hyland,16,0.576,28.2,0.1,0.4,0.5,0.095,0.9,1.8,2.7,0.3
Bones Hyland,16.4,0.569,29.6,0,0.4,0.4,0.09,1.2,1.9,3.1,0.3
Bones Hyland,11.1,0.833,10.2,0,0,0.1,0.165,-3.3,0.1,-3.2,0
Xavier Tillman Sr.,2.4,0.31,13.1,-0.7,0.4,-0.3,-0.057,-8.4,0.3,-8.1,-0.4
Garrett Temple,8.5,0.406,13.9,-0.1,0.3,0.2,0.033,-5.7,2.1,-3.6,-0.1
Jared Rhoden,16.4,0.602,19.7,0.4,0.2,0.6,0.131,-0.5,0,-0.5,0.1
Jared Rhoden,5.4,0.25,31.9,-0.1,0,-0.1,-0.229,-7.4,-1.2,-8.6,0
Jared Rhoden,17,0.633,19,0.5,0.2,0.7,0.151,-0.1,0.1,0,0.1
Luka Garza,18.8,0.573,26.2,0.4,0.3,0.7,0.144,-0.4,-1.9,-2.3,0
Ariel Hukporti,7.6,0.654,11.6,-0.2,0.3,0.1,0.02,-6.5,0.9,-5.6,-0.2
Alex Reese,14,0.641,13.2,0.3,0.2,0.5,0.109,-0.9,-0.3,-1.2,0
Alex Reese,53.6,1,21.2,0,0,0,0.59,23.2,-3.6,19.6,0
Alex Reese,13.6,0.635,13.1,0.2,0.2,0.5,0.105,-1.1,-0.3,-1.4,0
Dario Saric,7.7,0.449,15.6,-0.2,0.2,0,0.001,-4.4,-0.4,-4.8,-0.1
Adam Flagler,3.7,0.335,21.1,-0.6,0.3,-0.3,-0.062,-8.1,-2.3,-10.3,-0.4
Chuma Okeke,15.3,0.641,9.8,0.5,0.1,0.6,0.145,1.6,-1.8,-0.2,0.1
Chuma Okeke,16.5,0.699,9.5,0.5,0.1,0.6,0.162,2.3,-2,0.3,0.1
Chuma Okeke,6.8,0.357,11.9,0,0,0,0.028,-3.6,-0.5,-4.1,0
Drew Peterson,10.5,0.601,12.5,0.2,0.3,0.4,0.115,-1.8,1,-0.8,0.1
Markelle Fultz,8.9,0.452,19.3,-0.3,0.2,-0.1,-0.026,-4.5,-0.2,-4.7,-0.1
Lester Quinones,9.5,0.514,22.6,-0.1,0,-0.1,-0.025,-3.2,-2.9,-6.1,-0.2
Lester Quinones,8.2,0.533,31.9,-0.1,0,-0.1,-0.208,-3.7,-6.8,-10.5,0
Lester Quinones,9.7,0.511,21.7,0,0,0,-0.006,-3.1,-2.5,-5.6,-0.2
Bronny James,7.1,0.424,20.9,-0.3,0.2,-0.2,-0.043,-5.9,-1.3,-7.2,-0.2
Enrique Freeman,7.4,0.507,12.3,0,0.1,0.2,0.046,-4.9,-1.4,-6.3,-0.2
Cole Swider,6.5,0.465,16.7,-0.2,0.1,0,-0.009,-4.9,-2.4,-7.3,-0.2
Cole Swider,-11,0,16.2,-0.1,0,-0.1,-0.316,-14.6,-5.8,-20.4,-0.1
Cole Swider,8,0.505,16.7,-0.1,0.1,0.1,0.017,-4.1,-2.1,-6.2,-0.2
Jaylen Nowell,7.5,0.43,21.6,-0.2,0,-0.2,-0.069,-3.2,-2.5,-5.7,-0.2
Markieff Morris,6,0.385,20.5,-0.3,0.1,-0.2,-0.044,-5.2,-2.5,-7.6,-0.2
Markieff Morris,0,0.273,25.2,-0.2,0,-0.2,-0.225,-10.3,-2.8,-13.1,-0.1
Markieff Morris,7.9,0.434,19,0,0.1,0,0.016,-3.5,-2.3,-5.8,-0.1
Killian Hayes,12.7,0.559,15.5,0.2,0.1,0.3,0.095,-0.5,-0.1,-0.6,0.1
MarJon Beauchamp,12.3,0.535,24.9,-0.1,0.2,0.1,0.02,-2.7,-1.6,-4.3,-0.1
MarJon Beauchamp,8.5,0.497,23.5,-0.2,0.1,-0.1,-0.041,-4.7,-1.8,-6.5,-0.1
MarJon Beauchamp,22.3,0.685,25.1,0.1,0,0.1,0.223,5.9,-2,4,0
MarJon Beauchamp,29.8,0.588,35.2,0.1,0,0.1,0.254,3.4,0.3,3.7,0
Lamar Stevens,11.5,0.545,20.2,0,0.2,0.2,0.052,-3.6,-0.6,-4.2,-0.1
Tyson Etienne,5.6,0.488,18.6,-0.1,0.1,-0.1,-0.021,-5.7,-3.1,-8.8,-0.3
Josh Richardson,4.4,0.402,14.1,-0.2,0.2,-0.1,-0.021,-7.3,0.6,-6.7,-0.2
Jeenathan Williams,8.6,0.496,22.3,-0.2,0.2,0,-0.007,-5.5,-0.2,-5.7,-0.1
Bruno Fernando,15.3,0.552,18.9,0,0.2,0.3,0.085,-3,2.3,-0.7,0.1
Damion Lee,11.9,0.499,28.6,-0.2,0.1,-0.1,-0.031,-2.9,-2.1,-5.1,-0.1
Oshae Brissett,9.8,0.576,16.3,0,0.1,0.1,0.019,-3.7,-2.6,-6.3,-0.1
Elijah Harkless,7.8,0.425,12.3,0,0.1,0.1,0.023,-5.2,1.5,-3.8,-0.1
Pete Nance,8.5,0.578,11.7,0.1,0.1,0.2,0.064,-3.1,-1.7,-4.9,-0.1
Pete Nance,5.3,0.472,10.2,0,0,0,0.027,-4.4,-1.9,-6.3,-0.1
Pete Nance,11.5,0.676,13.2,0.1,0.1,0.1,0.1,-1.8,-1.6,-3.5,0
Vlatko Cancar,4.6,0.462,11.5,-0.2,0.1,-0.1,-0.034,-6.5,-0.6,-7.1,-0.2
Kylor Kelley,12.1,0.644,10.3,0.2,0.1,0.3,0.102,-3.5,-1.9,-5.4,-0.1
Kylor Kelley,17.1,0.767,10.7,0.2,0,0.3,0.196,-0.6,-1.7,-2.3,0
Kylor Kelley,6.5,0.465,9.8,0,0,0,-0.004,-6.8,-2,-8.8,-0.1
Alex Ducas,10.1,0.583,11.8,0.1,0.2,0.3,0.125,-2.1,0.1,-2,0
Spencer Jones,4.5,0.368,13.7,-0.2,0.1,-0.1,-0.031,-7.7,-0.8,-8.5,-0.2
Kobe Bufkin,10.5,0.483,20.8,0,0.1,0,0.018,-3.4,-0.5,-4,-0.1
Tyler Smith,15.2,0.626,22.1,0.1,0.1,0.2,0.083,0.4,-1.2,-0.9,0
De'Anthony Melton,13.3,0.539,23.5,0,0.2,0.2,0.076,-1.6,0.8,-0.8,0
Moses Brown,22.4,0.706,23.5,0.2,0.2,0.4,0.146,-0.3,0.5,0.1,0.1
Moses Brown,16,0.653,26.5,0,0.1,0,0.02,-3.9,-1.4,-5.2,0
Moses Brown,26.3,0.743,21.6,0.2,0.1,0.3,0.225,1.9,1.6,3.5,0.1
TyTy Washington Jr.,6.5,0.367,19,-0.2,0,-0.2,-0.065,-5.6,-2.5,-8,-0.2
Trey Alexander,2.9,0.374,17.3,-0.2,0,-0.2,-0.077,-7.9,-1.8,-9.7,-0.2
Joe Ingles,2.4,0.326,12.2,-0.2,0.1,-0.1,-0.035,-6.9,-0.1,-7,-0.1
Sidy Cissoko,6.7,0.471,16.6,-0.2,0.1,-0.1,-0.045,-4.8,-0.3,-5.1,-0.1
Sidy Cissoko,11.2,0.533,17.9,0,0,0,0.041,-1.6,-1,-2.6,0
Sidy Cissoko,2.7,0.375,15.5,-0.2,0,-0.2,-0.123,-7.7,0.4,-7.3,-0.1
Tony Bradley,23.2,0.64,20.1,0.3,0.2,0.4,0.187,1.5,-0.3,1.2,0.1
Jaylen Sims,9.8,0.607,16.2,0.1,0,0.1,0.048,-2.8,-1.3,-4.1,-0.1
Pacome Dadiet,6.3,0.446,14.7,-0.1,0.1,0,0.002,-4.9,-1.5,-6.5,-0.1
Patrick Baldwin Jr.,16.2,0.721,16.4,0.1,0.1,0.2,0.098,2.4,-0.9,1.5,0.1
Patrick Baldwin Jr.,14.5,0.676,16.5,0.1,0.1,0.1,0.07,1.3,-1.6,-0.2,0
Patrick Baldwin Jr.,45.4,1.5,14.5,0.1,0,0.1,0.573,19.9,10.8,30.7,0.1
Chris Livingston,9.8,0.441,16.6,-0.1,0.2,0.1,0.035,-5,-1.1,-6.1,-0.1
Jae Crowder,6.6,0.467,12,0,0.1,0.1,0.026,-3.8,-0.5,-4.3,-0.1
Justin Minaya,5,0.411,11.1,-0.1,0.1,0,-0.007,-7.1,1.7,-5.4,-0.1
Keshad Johnson,19.1,0.718,15.4,0.2,0.2,0.4,0.181,-1,0.9,-0.1,0
Yuki Kawamura,11,0.53,16.9,0.1,0.1,0.2,0.095,-2.6,-0.2,-2.8,0
JD Davison,6.5,0.445,23.6,-0.3,0.1,-0.2,-0.081,-5.9,-0.3,-6.2,-0.1
Luke Travers,1.9,0.287,13.9,-0.2,0.1,-0.1,-0.082,-7.8,-1.9,-9.7,-0.2
Stanley Umude,3.4,0.27,15.7,-0.3,0.1,-0.2,-0.086,-7.5,-0.7,-8.1,-0.1
Kevin Knox,17.1,0.582,21.8,0.1,0.1,0.2,0.121,-0.7,-0.6,-1.3,0
Isaiah Jackson,18.2,0.6,17.6,0.1,0.1,0.3,0.153,-1,1.8,0.8,0.1
Marcus Garrett,8.7,0.487,18.7,-0.1,0.1,0,-0.002,-5.4,-2.2,-7.6,-0.1
Jacob Toppin,9.2,0.523,13.9,0,0.1,0,0.03,-1.8,-0.8,-2.6,0
Jacob Toppin,4.5,0.3,10.6,-0.1,0.1,0,-0.024,-6.4,0.4,-6,0
Jacob Toppin,17.9,0.708,19.8,0.1,0,0.1,0.127,6.6,-3,3.5,0
Emoni Bates,9.8,0.487,22.6,0,0.1,0.1,0.038,-0.5,-1,-1.5,0
Taylor Hendricks,7.1,0.354,12.1,-0.1,0.1,0,-0.008,-4.8,1.3,-3.5,0
Chris Duarte,16.5,0.61,17.2,0.2,0,0.3,0.171,2.2,-1,1.2,0.1
Daeqwon Plowden,16.1,0.831,17,0.2,0,0.2,0.125,1.5,-1.5,-0.1,0
RayJ Dennis,13.9,0.443,24,-0.1,0.1,0.1,0.036,-2.2,3,0.7,0
Josh Christopher,9.4,0.416,25.5,-0.2,0.1,-0.1,-0.073,-7.5,-0.4,-7.9,-0.1
Matt Ryan,6.1,0.439,22.3,-0.1,0.1,-0.1,-0.057,-5.1,-2.3,-7.5,-0.1
Armel Traore,3.5,0.317,16.4,-0.2,0.1,-0.1,-0.092,-9.5,-0.4,-9.8,-0.1
PJ Hall,18.3,0.641,17.8,0.2,0.1,0.2,0.168,-0.7,-0.6,-1.3,0
Nae'Qwan Tomlin,14.4,0.489,26.1,0.1,0.1,0.1,0.093,-3,-2.4,-5.5,-0.1
Jamaree Bouyea,9.7,0.581,16,-0.1,0.1,0,0.007,-4.6,-0.9,-5.4,0
Cam Christie,9.1,0.349,20.5,-0.1,0.1,0,-0.005,-5.5,3,-2.5,0
P.J. Tucker,5.5,0.643,6,0,0,0.1,0.07,-4.8,-2.4,-7.2,-0.1
Jazian Gortman,6.5,0.485,22.4,-0.1,0,-0.1,-0.056,-5.5,-0.8,-6.3,-0.1
Liam Robbins,2.6,0.363,14.2,-0.1,0.1,-0.1,-0.066,-9.2,-1.3,-10.5,-0.1
E.J. Liddell,11.1,0.661,14.1,0.1,0,0.1,0.108,-2.7,-1.4,-4.1,0
Jackson Rowe,15.9,0.56,16.7,0.1,0.1,0.2,0.153,-0.5,1.5,1,0
N'Faly Dante,24,0.789,13.9,0.2,0.1,0.3,0.283,0.7,1.7,2.4,0.1
Isaiah Crawford,9.2,0.509,12.9,0,0,0,0.037,-3.4,-0.7,-4.1,0
Mason Jones,20.6,0.569,20.3,0.2,0,0.2,0.198,3.5,-0.6,2.9,0.1
Phillip Wheeler,-2.3,0.183,22.6,-0.3,0,-0.3,-0.283,-12,-6.2,-18.2,-0.2
Malachi Flynn,12.4,0.512,19,0,0,0,0.043,-4.4,1.5,-2.8,0
Jack McVeigh,4,0.412,18.2,-0.1,0,0,-0.031,-4.8,-3,-7.7,-0.1
Bobi Klintman,15.9,0.689,11.9,0.1,0.1,0.2,0.208,-1,1.9,1,0
James Johnson,0,0.35,18,-0.2,0,-0.1,-0.162,-9.6,-0.2,-9.7,-0.1
PJ Dozier,9.5,0.621,8.2,0,0,0.1,0.107,-2,2.7,0.7,0
Harrison Ingram,10.9,0.5,6.1,0,0.1,0.1,0.093,-3.6,2.4,-1.2,0
Miles Norris,8.5,0.354,12.4,0,0.1,0,0.049,-2.3,0.4,-1.9,0
David Duke Jr.,12.2,0.538,21.2,0,0,0,0.023,-0.1,-1.4,-1.5,0
D.J. Carton,-2.6,0.202,14.5,-0.2,0,-0.1,-0.199,-10.4,-0.7,-11.1,-0.1
Bryce McGowens,1.7,0.391,26.8,-0.1,0,-0.1,-0.172,-9.9,-3.8,-13.6,-0.1
Leonard Miller,19.9,0.54,27.8,0,0.1,0.1,0.145,-3.4,-0.3,-3.7,0
Ulrich Chomche,5.2,0.425,10.3,0,0,0,0.001,-6.1,-1.3,-7.4,0
Jalen Bridges,-0.1,0.514,18.8,-0.1,0,-0.1,-0.178,-7.8,-4.7,-12.5,-0.1
Jahmir Young,16.8,0.935,9.6,0.1,0,0.1,0.22,1.2,-0.8,0.5,0
Kevin McCullar Jr.,6.7,0.381,11.8,0,0,0,0.06,-8.5,1.3,-7.2,0
Trentyn Flowers,4.3,0.446,21.5,0,0,0,-0.033,-7.1,-1.3,-8.3,0
Emanuel Miller,18.1,0.563,14.8,0.1,0,0.1,0.201,-0.9,-0.9,-1.8,0
Daniss Jenkins,-0.1,0.322,21.8,-0.1,0,-0.1,-0.15,-10.2,-5.7,-15.8,-0.1
Anton Watson,5.9,0.444,21.7,-0.1,0,0,-0.07,-8.3,-1.8,-10.1,0
Tolu Smith,19.5,0.678,23.6,0,0,0.1,0.128,-2.4,-6.5,-8.9,0
Malevy Leons,-2.3,0.266,9.6,0,0,0,-0.052,-10.4,-1.9,-12.4,-0.1
Adama Sanogo,15.2,0.571,15.9,0,0,0,0.105,0.7,-3.4,-2.6,0
Taze Moore,7.1,0.276,26.8,-0.1,0,-0.1,-0.15,-3.9,-0.4,-4.3,0
Ron Harper Jr.,7.9,0.225,22,0,0,0,-0.06,-5.5,-9.2,-14.7,0
Isaiah Mobley,17.2,0.381,20.2,0,0,0,0.119,0,4.8,4.7,0
Yuri Collins,13.9,0.333,7.9,0,0,0.1,0.214,-6.2,6.5,0.3,0
Tristen Newton,-6.1,0.178,28.2,-0.1,0,-0.1,-0.33,-16.7,-4,-20.7,-0.1
Tristen Newton,-15.3,0.233,40.2,-0.1,0,-0.1,-0.553,-21.9,-10.8,-32.7,-0.1
Tristen Newton,3.1,0,16.2,0,0,0,-0.107,-11.4,2.7,-8.7,0
Daishen Nix,-7,0.266,19.6,-0.1,0,-0.1,-0.327,-14.9,-1.2,-16.2,0
Skal Labissiere,15.9,0.625,14.3,0,0,0,0.165,3.3,-1.3,2.1,0
Braxton Key,1.1,0.226,29.3,-0.1,0,-0.1,-0.259,-13.9,0.3,-13.6,0
Cui Yongxi,-10.7,0.19,34.4,-0.1,0,-0.1,-0.473,-16.8,-8.2,-24.9,-0.1
Mac McClung,-0.3,0,8.7,0,0,0,-0.047,-10.2,-0.8,-11,0
Quincy Olivari,-5.2,0.3,26.3,-0.1,0,-0.1,-0.3,-10.1,-8.5,-18.6,0
Terence Davis,-4,0,10.8,0,0,0,-0.191,-12.8,-4.1,-16.9,0
Jalen McDaniels,10.9,,0,0,0,0,0.114,-0.5,6,5.6,0
Riley Minix,-1.7,0,6.1,0,0,0,-0.114,-8.5,-3.3,-11.8,0
Isaiah Stevens,0.1,0,14.8,0,0,0,-0.196,-19.5,7.7,-11.8,0
Terry Taylor,9.8,0,7.2,0,0,0,0.049,3.2,0.1,3.3,0
Jesse Edwards,-0.1,,0,0,0,0,0.111,-8.8,4.7,-4,0
James Wiseman,31.2,0.615,42.2,0,0,0,0.237,6,-4.4,1.6,0
Alondes Williams,53.4,1.25,21.1,0,0,0,0.565,37.9,6.2,44.1,0
Zyon Pullin,-11.7,0,13.4,0,0,0,-0.304,-15,-7.7,-22.7,0
Jahlil Okafor,13.8,,0,0,0,0,0.196,2.5,4.9,7.5,0
